{
  "id": "2027130",
  "name": "企先锋",
  "font_family": "iconfont",
  "css_prefix_text": "icon-",
  "description": "",
  "glyphs": [
    {
      "icon_id": "3248670",
      "name": "关闭",
      "font_class": "guanbi",
      "unicode": "e601",
      "unicode_decimal": 58881
    },
    {
      "icon_id": "992445",
      "name": "搜索",
      "font_class": "sousuo",
      "unicode": "e647",
      "unicode_decimal": 58951
    },
    {
      "icon_id": "2402040",
      "name": "箭头",
      "font_class": "jiantou",
      "unicode": "e612",
      "unicode_decimal": 58898
    },
    {
      "icon_id": "579286",
      "name": "点赞",
      "font_class": "dianzan1",
      "unicode": "e60c",
      "unicode_decimal": 58892
    },
    {
      "icon_id": "2552067",
      "name": "介绍",
      "font_class": "jieshao",
      "unicode": "e61e",
      "unicode_decimal": 58910
    },
    {
      "icon_id": "11778708",
      "name": "顶部",
      "font_class": "dingbu",
      "unicode": "e61f",
      "unicode_decimal": 58911
    },
    {
      "icon_id": "5174821",
      "name": "价格签",
      "font_class": "jiageqian",
      "unicode": "e60e",
      "unicode_decimal": 58894
    },
    {
      "icon_id": "6548528",
      "name": "点赞",
      "font_class": "dianzan",
      "unicode": "e653",
      "unicode_decimal": 58963
    },
    {
      "icon_id": "14303347",
      "name": "密码",
      "font_class": "mima1",
      "unicode": "e74a",
      "unicode_decimal": 59210
    },
    {
      "icon_id": "720792",
      "name": "密码",
      "font_class": "mima",
      "unicode": "e654",
      "unicode_decimal": 58964
    },
    {
      "icon_id": "1997389",
      "name": "关联",
      "font_class": "guanlian",
      "unicode": "e704",
      "unicode_decimal": 59140
    },
    {
      "icon_id": "15847503",
      "name": "关于",
      "font_class": "guanyu",
      "unicode": "e61c",
      "unicode_decimal": 58908
    },
    {
      "icon_id": "3248559",
      "name": "耳麦",
      "font_class": "ermai",
      "unicode": "e600",
      "unicode_decimal": 58880
    },
    {
      "icon_id": "5809095",
      "name": "意见反馈",
      "font_class": "yijianfankui",
      "unicode": "e65f",
      "unicode_decimal": 58975
    },
    {
      "icon_id": "11683683",
      "name": "消息-通知",
      "font_class": "ziyuan",
      "unicode": "e60a",
      "unicode_decimal": 58890
    },
    {
      "icon_id": "16135968",
      "name": "常见问题",
      "font_class": "changjianwenti",
      "unicode": "e7e2",
      "unicode_decimal": 59362
    },
    {
      "icon_id": "630126",
      "name": "眼睛",
      "font_class": "yanjing",
      "unicode": "e661",
      "unicode_decimal": 58977
    },
    {
      "icon_id": "4294072",
      "name": "日历",
      "font_class": "rili",
      "unicode": "e785",
      "unicode_decimal": 59269
    }
  ]
}
